Bin,Predicted Cfreq.,Actual Cfreq.,Predicted Pfreq.,Actual Pfreq.
1,762.1126521,3788,2228.1338,3788
1.5,2936.978527,8091,7267.443187,4303
2,9070.868613,17411,18495.05093,9320
2.5,22634.94964,33559,36725.0948,16148
3,46154.93603,56700,56898.89432,23141
3.5,78136.93196,88738,68782.54427,32038
4,112241.5053,122229,64876.31193,33491
4.5,140762.3094,147025,47744.96483,24796
5,159466.6846,160598.88,27415.90017,27539
