Year,Mean
2004,4.269230769
2005,4.002807801
2006,3.828529017
2007,3.842335567
2008,3.731093123
2009,3.62931951
2010,3.629479401
2011,3.597490852
2012,3.573333251
2013,3.571030618
2014,3.568498149
2015,3.583754714
2016,3.60635927
2017,3.610622227
